headline,published,sentiment
Sunny spells to brighten the South East this weekend,2025-04-21T18:45:54Z,positive
Fine weather expected for most of the UK,2025-02-28T16:33:30Z,positive
Dry and settled conditions for the Midlands,2025-01-08T18:09:15Z,positive
Warm temperatures bring spring cheer to Wales,2025-01-09T15:36:29Z,positive
Glorious sunshine forecast across southern England,2025-04-15T16:36:48Z,positive
Mild evenings ahead for much of the country,2025-02-16T18:20:37Z,positive
Pleasant conditions set to continue through the week,2025-01-12T16:22:44Z,positive
Clear skies over the Lake District tonight,2025-01-27T16:55:45Z,positive
Gentle breeze and sunshine to grace coastal areas,2024-12-01T13:12:39Z,positive
High pressure promises a week of calm weather,2025-01-05T15:53:26Z,positive
Ideal conditions for outdoor events this Saturday,2025-01-05T22:17:56Z,positive
Early spring sunshine lifts temperatures in the North,2024-12-27T17:12:26Z,positive
Long dry spells to aid spring planting season,2024-12-23T15:27:44Z,positive
Bright and breezy start to the working week,2025-01-20T15:49:39Z,positive
Barbecue weather expected in the South West,2025-01-01T00:11:01Z,positive
Sunshine and blue skies delight commuters,2025-01-28T11:09:42Z,positive
Warmest day of the year recorded in London,2025-01-04T23:45:33Z,positive
Dry and mild days ideal for countryside walks,2024-11-22T17:37:42Z,positive
Fine conditions expected to extend into next week,2024-12-21T09:51:29Z,positive
Light winds and clear skies tonight,2024-09-24T09:47:38Z,positive
Sunny intervals to dominate midweek forecast,2025-01-06T14:30:45Z,positive
Calm and clear weather to continue,2024-11-21T18:02:54Z,positive
Sunshine brings out spring flowers across the UK,2024-11-18T16:47:48Z,positive
Temperatures set to rise steadily through the weekend,2024-11-17T11:29:22Z,positive
Great weather ahead for holidaymakers,2024-12-06T19:04:49Z,positive
Glorious weekend weather across England and Wales,2024-10-20T22:30:51Z,positive
Spring warmth returns to the Highlands,2025-01-06T12:59:51Z,positive
Mostly dry with sunny breaks for Northern Ireland,2024-09-09T09:45:00Z,positive
Perfect beach weather for southern coasts,2024-10-10T07:13:57Z,positive
Pleasant afternoons expected through Thursday,2024-09-14T11:43:19Z,positive
Blue skies forecast for much of Britain,2024-07-29T09:48:14Z,positive
Dry spell to support gardening and outdoor work,2025-01-25T12:26:30Z,positive
Beautiful sunrises expected with clear mornings,2024-09-26T20:23:11Z,positive
"Mild days and cool, calm nights ahead",2024-08-24T16:25:00Z,positive
Peak spring sunshine in store this weekend,2024-09-27T18:59:35Z,positive
Bright skies offer perfect hiking conditions,2024-08-11T14:58:42Z,positive
Settled spell boosts spirits nationwide,2024-07-13T08:00:15Z,positive
Bright mornings to start the week,2024-08-23T05:00:25Z,positive
Dry and tranquil weather pattern continues,2025-03-20T17:54:05Z,positive
Warm temperatures perfect for outdoor dining,2024-07-20T16:12:59Z,positive
Gentle spring warmth across the Midlands,2024-05-25T11:49:40Z,positive
"Clear, starry nights likely this week",2024-05-18T10:49:10Z,positive
Early sunshine expected to lift fog quickly,2025-02-10T12:45:12Z,positive
Fresh but fair start to Friday morning,2024-07-19T21:16:12Z,positive
Weather remains favourable for countryside activities,2024-05-20T18:43:14Z,positive
Calm seas and warm air for coastal visits,2025-03-12T12:12:46Z,positive
A dry spell welcomed by local farmers,2025-01-24T23:44:08Z,positive
Bright outlook encourages early travel,2024-12-31T16:53:32Z,positive
Prolonged sunshine expected in South Wales,2024-11-23T16:03:32Z,positive
Spring break blessed with ideal weather,2025-01-23T19:02:09Z,positive
Mixed conditions expected this weekend,2024-12-29T17:11:26Z,neutral
Cloudy with patchy rain across central UK,2025-01-24T08:41:35Z,neutral
"Breezy at times, with occasional sunshine",2024-12-24T14:09:19Z,neutral
Light winds and variable cloud cover,2025-01-07T19:01:44Z,neutral
Intermittent rain with bright spells,2024-11-19T16:35:33Z,neutral
"Some sunshine, but rain not far behind",2025-01-06T09:46:51Z,neutral
"Fairly mild, though overcast in parts",2024-11-10T17:19:20Z,neutral
"Dry in some regions, rain in others",2025-01-04T10:23:05Z,neutral
Grey skies with occasional bright moments,2025-04-24T19:02:10Z,neutral
Dry start with risk of afternoon drizzle,2024-11-19T09:46:29Z,neutral
Patchy rain with moderate temperatures,2024-09-23T18:10:34Z,neutral
Sunshine breaking through patchy cloud,2024-11-30T16:09:30Z,neutral
"Some early mist, then drier later",2024-08-31T12:27:15Z,neutral
"Unsettled, but nothing severe in forecast",2024-10-18T22:18:46Z,neutral
Typical spring showers and sunny breaks,2025-04-29T21:15:33Z,neutral
Foggy morning likely to clear by noon,2024-08-24T11:02:06Z,neutral
"Drizzle possible, otherwise dry",2025-02-02T15:16:23Z,neutral
A few showers amid sunny intervals,2025-02-23T14:47:56Z,neutral
A calm day with occasional rain,2025-03-12T12:46:08Z,neutral
Breezy with spells of sunshine,2025-01-02T17:29:55Z,neutral
Little change in the weather expected,2025-01-04T23:32:49Z,neutral
Some regions drier than others today,2025-01-24T18:51:44Z,neutral
"Cool start, gradually warming through the day",2025-04-09T18:46:48Z,neutral
Some rain around but mostly dry,2025-01-01T15:39:58Z,neutral
Temperatures average for the time of year,2025-01-26T17:03:16Z,neutral
Grey with scattered brightness,2024-07-16T16:02:32Z,neutral
"Damp in places, especially early on",2024-12-28T20:57:04Z,neutral
Evening cloud expected across many areas,2025-04-17T13:08:18Z,neutral
Calm with brief spells of rain,2025-01-03T12:32:37Z,neutral
Isolated showers possible in northern regions,2025-04-18T11:00:09Z,neutral
Spotty rain but no downpours,2024-12-25T18:03:03Z,neutral
Temperatures to hover around seasonal norm,2025-03-05T12:44:50Z,neutral
Some breaks in the cloud later,2024-11-08T18:03:09Z,neutral
"Slight chill in the air, otherwise fair",2024-11-25T10:28:04Z,neutral
A largely uneventful weather day,2024-05-11T16:53:31Z,neutral
A quiet week in terms of weather,2025-02-24T18:31:59Z,neutral
Cloudy skies with mild conditions,2024-06-24T04:00:18Z,neutral
"Not much sun, not much rain",2025-01-13T16:35:54Z,neutral
Windy spells but remaining dry,2025-01-10T23:55:03Z,neutral
Passing clouds but generally mild,2024-12-30T16:29:22Z,neutral
Overcast morning followed by clearer evening,2025-01-25T16:21:38Z,neutral
Typical British spring day expected,2025-01-26T00:04:59Z,neutral
Slight drizzle possible later on,2024-12-08T21:08:49Z,neutral
Spotty rain but no downpours,2025-01-08T18:25:43Z,neutral
Some breaks in the cloud later,2024-12-07T18:40:19Z,neutral
Heavy snow warning issued for northern Scotland,2024-11-23T17:31:15Z,negative
Torrential rain causes travel disruption,2024-12-22T16:06:21Z,negative
Strong winds batter coastal areas,2024-08-29T06:00:25Z,negative
Weather alert issued for freezing fog,2024-09-21T09:40:57Z,negative
Risk of localised flooding after heavy rainfall,2024-12-08T14:42:36Z,negative
Ice warnings in place across rural roads,2024-11-20T17:22:19Z,negative
Downpours to hit during rush hour,2024-10-19T15:05:28Z,negative
Disruption expected due to wintry conditions,2025-04-05T21:18:29Z,negative
Unseasonably cold snap grips the UK,2025-01-05T18:00:38Z,negative
Flood risk remains high in low-lying areas,2024-05-19T12:00:35Z,negative
Persistent rain dampens weekend plans,2025-03-22T22:11:18Z,negative
High winds lead to ferry cancellations,2024-11-23T08:30:19Z,negative
Freezing temperatures to continue through the week,2024-09-29T06:00:25Z,negative
Commuters face delays due to icy roads,2025-01-11T13:04:13Z,negative
Rain-soaked weekend expected across Britain,2025-02-14T06:00:07Z,negative
Power cuts reported after overnight storm,2024-08-23T10:59:11Z,negative
Sudden hailstorm catches drivers off guard,2024-12-09T16:34:41Z,negative
Cold front brings sharp frost,2025-01-03T13:11:05Z,negative
Snowfall disrupts school openings in the North,2025-04-13T23:01:27Z,negative
Blustery showers and chill to persist,2025-02-15T18:18:47Z,negative
High tides cause coastal flooding concern,2025-03-30T10:29:11Z,negative
Lightning strikes trigger power outages,2024-08-12T16:25:30Z,negative
Thunderstorms expected in southern counties,2025-04-04T10:39:47Z,negative
Snow and ice close mountain routes,2025-01-07T15:38:54Z,negative
Harsh winds felt across the Pennines,2024-11-29T14:40:37Z,negative
Flood alerts remain in force,2025-01-06T19:30:20Z,negative
Rain to dominate much of the coming week,2024-09-11T15:42:03Z,negative
Storm clouds gather ahead of weekend,2024-12-21T17:47:38Z,negative
Thunder and lightning for much of Scotland,2024-12-06T00:00:40Z,negative
Drab and dreary weather persists,2025-05-02T14:29:50Z,negative
Overnight frost damages early crops,2025-01-11T11:27:35Z,negative
Amber warning issued for extreme winds,2025-01-09T18:33:19Z,negative
Weather front brings soaking rain,2024-07-06T15:57:59Z,negative
Unpleasant mix of sleet and rain forecast,2024-06-26T17:29:34Z,negative
Rain and wind to mar holiday travel,2024-10-04T12:29:02Z,negative
"No relief from grey, wet weather",2025-02-28T17:50:16Z,negative
Soggy fields delay farming activities,2025-03-20T05:00:16Z,negative
Cold and wet spell spoils spring mood,2024-06-14T11:47:22Z,negative
Continuous drizzle to dampen spirits,2024-11-15T11:50:53Z,negative
Bitter winds sweep across eastern counties,2024-10-22T13:51:07Z,negative
Weather worsens in flood-prone areas,2025-04-17T05:00:32Z,negative
